{"mse": 7384459102.990692, "rmse": 85932.87556570357, "coefficients": [1444.0970698874178, 47393.082986061185, 67689.3836518488], "intercept": -337674.8291494771, "predictions": [88808.36394366791, 276095.68407594884, -1907.631139015837, 395693.6205563809, 64441.89238844166]}